Workbook

Sheet Instructions
A1: MODE D'EMPLOI DU PLANNING CHANTIER
A3: 1. Onglet "Planning Chantier"
A4: C'est la table de travail. Chaque ligne = une tâche. Remplissez le Lot (liste déroulante), la Tâche, le Volume horaire estimé total (h) et le Responsable/Équipe.
A6: 2. Répartir les heures sur plusieurs interventions
A7: Une même tâche peut être réalisée en plusieurs fois (ex : 3 demi-journées). Indiquez la date de chaque intervention en ligne 8 (fond jaune), puis saisissez le nombre d'heures effectuées à cette date, sur la ligne de la tâche concernée, dans la colonne "Interv. X" correspondante.
A9: 3. Suivi automatique
A10: "Total heures réparties" additionne automatiquement les heures saisies sur les interventions. "Écart" = Volume estimé − Total réparti (vert = soldé, jaune = reste à planifier, rouge = sur-réparti, à corriger). "Avancement (%)" = Total réparti / Volume estimé.
A12: 4. Statut
A13: Mettez à jour le Statut (À planifier / En cours / Terminé) via la liste déroulante.
A15: 5. Plus de 6 interventions ?
A16: Sélectionnez une colonne d'intervention existante, clic droit > Insérer, puis copiez la formule de "Total heures réparties" en élargissant la plage SUM pour inclure la nouvelle colonne.
A18: 6. Onglet "Récapitulatif"
... A22: Fond jaune / texte bleu = cellule à compléter. Fond gris = ligne d'exemple fournie à titre indicatif (à remplacer par vos propres tâches).

Sheet Planning Chantier
A1: PLANNING CHANTIER — QUANTIFICATION DES HEURES PAR TÂCHE
A2: Chantier : | E2: Nom du chantier
A3: Chef de projet : | E3: Nom du chef de projet
A4: Date d'édition : | E4: 46261
G6: INTERVENTIONS — Répartition des heures par date
A7: N° | B7: Lot / Corps d'état | C7: Tâche | D7: Volume horaire estimé (h) | E7: Responsable / Équipe | F7: Statut | G7: Interv. 1 | H7: Interv. 2 | I7: Interv. 3 | J7: Interv. 4 | K7: Interv. 5 | L7: Interv. 6 | M7: Total heures réparties (h) | N7: Écart (h) | O7: Avancement (%) | P7: Commentaires
C8: Date de l'intervention ▸ | G8: 46266 | H8: 46268 | I8: 46273
A9: 1 | B9: Terrassement & VRD | C9: Décaissement et nivellement plateforme | D9: 32 | E9: Équipe A — J. Martin | F9: En cours | G9: 8 | H9: 8 | I9: 8 | M9: =SUM(G9:L9) -> 24 | N9: =D9-M9 -> 8 | O9: =IFERROR(M9/D9,0) -> 0.75 | P9: Sol argileux, prévoir 1 rotation supplémentaire
A10: 2 | B10: Gros œuvre | C10: Coulage fondations semelles filées | D10: 40 | E10: Équipe B — L. Dupuis | F10: À planifier | M10: =SUM(G10:L10) -> 0 | N10: =D10-M10 -> 40 | O10: =IFERROR(M10/D10,0) -> 0 | P10: En attente validation étude sol
A11: 3 | B11: Second œuvre - Électricité | C11: Tirage câbles électriques RDC | D11: 16 | E11: Équipe C — R. Bernard | F11: Terminé | G11: 8 | H11: 8 | M11: =SUM(G11:L11) -> 16 | N11: =D11-M11 -> 0 | O11: =IFERROR(M11/D11,0) -> 1 | P11: RAS — conforme au DCE
A12: 4 | M12: =SUM(G12:L12) -> 0 | N12: =D12-M12 -> 0 | O12: =IFERROR(M12/D12,0) -> 0
A13: 5 | M13: =SUM(G13:L13) -> 0 | N13: =D13-M13 -> 0 | O13: =IFERROR(M13/D13,0) -> 0
A14: 6 | M14: =SUM(G14:L14) -> 0 | N14: =D14-M14 -> 0 | O14: =IFERROR(M14/D14,0) -> 0
A15: 7 | M15: =SUM(G15:L15) -> 0 | N15: =D15-M15 -> 0 | O15: =IFERROR(M15/D15,0) -> 0
A16: 8 | M16: =SUM(G16:L16) -> 0 | N16: =D16-M16 -> 0 | O16: =IFERROR(M16/D16,0) -> 0
A17: 9 | M17: =SUM(G17:L17) -> 0 | N17: =D17-M17 -> 0 | O17: =IFERROR(M17/D17,0) -> 0
A18: 10 | M18: =SUM(G18:L18) -> 0 | N18: =D18-M18 -> 0 | O18: =IFERROR(M18/D18,0) -> 0
A19: 11 | M19: =SUM(G19:L19) -> 0 | N19: =D19-M19 -> 0 | O19: =IFERROR(M19/D19,0) -> 0
A20: 12 | M20: =SUM(G20:L20) -> 0 | N20: =D20-M20 -> 0 | O20: =IFERROR(M20/D20,0) -> 0
A21: 13 | M21: =SUM(G21:L21) -> 0 | N21: =D21-M21 -> 0 | O21: =IFERROR(M21/D21,0) -> 0
A22: 14 | M22: =SUM(G22:L22) -> 0 | N22: =D22-M22 -> 0 | O22: =IFERROR(M22/D22,0) -> 0
A23: 15 | M23: =SUM(G23:L23) -> 0 | N23: =D23-M23 -> 0 | O23: =IFERROR(M23/D23,0) -> 0
... A28: 20 | M28: =SUM(G28:L28) -> 0 | N28: =D28-M28 -> 0 | O28: =IFERROR(M28/D28,0) -> 0
A29: TOTAL | D29: =SUM(D9:D28) -> 88 | G29: =SUM(G9:G28) -> 16 | H29: =SUM(H9:H28) -> 16 | I29: =SUM(I9:I28) -> 8 | J29: =SUM(J9:J28) -> 0 | K29: =SUM(K9:K28) -> 0 | L29: =SUM(L9:L28) -> 0 | M29: =SUM(M9:M28) -> 40 | N29: =D29-M29 -> 48 | O29: =IFERROR(M29/D29,0) -> 0.45454545
A31: Légende :
A32: Cellule jaune = à compléter par vous
A33: Lignes grisées = exemple fourni à titre indicatif, à remplacer/compléter
A34: Écart = Volume estimé - Total réparti. Rouge = sur-réparti (erreur), Jaune = reste à planifier, Vert = soldeé.
A35: Pour ajouter plus de 6 interventions : insérer une colonne entre L et M et copier la formule d'une colonne voisine.

Sheet Récapitulatif
A1: RÉCAPITULATIF — SYNTHÈSE POUR LE CHEF DE PROJET
B3: Heures totales estimées | D3: Heures réparties | F3: Écart global | H3: Avancement global
B4: ='Planning Chantier'!D29 -> 88 | D4: ='Planning Chantier'!M29 -> 40 | F4: ='Planning Chantier'!N29 -> 48 | H4: ='Planning Chantier'!O29 -> 0.45454545
B8: RÉPARTITION PAR LOT / CORPS D'ÉTAT | F8: RÉPARTITION PAR INTERVENTION
B9: Lot / Corps d'état | C9: Heures estimées (h) | D9: Heures réparties (h) | F9: Intervention | G9: Date | H9: Heures réparties (h)
B10: Terrassement & VRD | C10: =SUMIF('Planning Chantier'!$B$9:$B$28,B10,'Planning Chantier'!$D$9:$D$28) -> 32 | D10: =SUMIF('Planning Chantier'!$B$9:$B$28,B10,'Planning Chantier'!$M$9:$M$28) -> 24 | F10: Intervention 1 | G10: =IF('Planning Chantier'!G8="","",'Planning Chantier'!G8) -> 46266 | H10: ='Planning Chantier'!G29 -> 16
B11: Gros œuvre | C11: =SUMIF('Planning Chantier'!$B$9:$B$28,B11,'Planning Chantier'!$D$9:$D$28) -> 40 | D11: =SUMIF('Planning Chantier'!$B$9:$B$28,B11,'Planning Chantier'!$M$9:$M$28) -> 0 | F11: Intervention 2 | G11: =IF('Planning Chantier'!H8="","",'Planning Chantier'!H8) -> 46268 | H11: ='Planning Chantier'!H29 -> 16
B12: Charpente / Couverture | C12: =SUMIF('Planning Chantier'!$B$9:$B$28,B12,'Planning Chantier'!$D$9:$D$28) -> 0 | D12: =SUMIF('Planning Chantier'!$B$9:$B$28,B12,'Planning Chantier'!$M$9:$M$28) -> 0 | F12: Intervention 3 | G12: =IF('Planning Chantier'!I8="","",'Planning Chantier'!I8) -> 46273 | H12: ='Planning Chantier'!I29 -> 8
B13: Second œuvre - Électricité | C13: =SUMIF('Planning Chantier'!$B$9:$B$28,B13,'Planning Chantier'!$D$9:$D$28) -> 16 | D13: =SUMIF('Planning Chantier'!$B$9:$B$28,B13,'Planning Chantier'!$M$9:$M$28) -> 16 | F13: Intervention 4 | G13: =IF('Planning Chantier'!J8="","",'Planning Chantier'!J8) | H13: ='Planning Chantier'!J29 -> 0
B14: Second œuvre - Plomberie | C14: =SUMIF('Planning Chantier'!$B$9:$B$28,B14,'Planning Chantier'!$D$9:$D$28) -> 0 | D14: =SUMIF('Planning Chantier'!$B$9:$B$28,B14,'Planning Chantier'!$M$9:$M$28) -> 0 | F14: Intervention 5 | G14: =IF('Planning Chantier'!K8="","",'Planning Chantier'!K8) | H14: ='Planning Chantier'!K29 -> 0
B15: Second œuvre - Isolation/Cloisons | C15: =SUMIF('Planning Chantier'!$B$9:$B$28,B15,'Planning Chantier'!$D$9:$D$28) -> 0 | D15: =SUMIF('Planning Chantier'!$B$9:$B$28,B15,'Planning Chantier'!$M$9:$M$28) -> 0 | F15: Intervention 6 | G15: =IF('Planning Chantier'!L8="","",'Planning Chantier'!L8) | H15: ='Planning Chantier'!L29 -> 0
B16: Finitions | C16: =SUMIF('Planning Chantier'!$B$9:$B$28,B16,'Planning Chantier'!$D$9:$D$28) -> 0 | D16: =SUMIF('Planning Chantier'!$B$9:$B$28,B16,'Planning Chantier'!$M$9:$M$28) -> 0 | F16: TOTAL | H16: =SUM(H10:H15) -> 40
B17: Nettoyage / Réception | C17: =SUMIF('Planning Chantier'!$B$9:$B$28,B17,'Planning Chantier'!$D$9:$D$28) -> 0 | D17: =SUMIF('Planning Chantier'!$B$9:$B$28,B17,'Planning Chantier'!$M$9:$M$28) -> 0
B18: TOTAL | C18: =SUM(C10:C17) -> 88 | D18: =SUM(D10:D17) -> 40

Sheet Listes
A1: Lots / Corps d'état | B1: Statuts
A2: Terrassement & VRD | B2: À planifier
A3: Gros œuvre | B3: En cours
A4: Charpente / Couverture | B4: Terminé
A5: Second œuvre - Électricité
A6: Second œuvre - Plomberie
A7: Second œuvre - Isolation/Cloisons
A8: Finitions
A9: Nettoyage / Réception
